group_id,group_name,user_id,from,text,timestamp,S_Amy_1,S_Amy_2,S_Amy_3,S_Sally_1,S_Sally_2,S_Sally_3,S_Nancy_1,S_Nancy_2,S_Nancy_3,U_Amy_HR1,U_Amy_HR2,U_Amy_Ops1,U_Amy_Ops2,U_Amy_Mkt1,U_Amy_Mkt2,U_Sally_HR1,U_Sally_HR2,U_Sally_Ops1,U_Sally_Ops2,U_Sally_Mkt1,U_Sally_Mkt2,U_Nancy_HR1,U_Nancy_HR2,U_Nancy_Ops1,U_Nancy_Ops2,U_Nancy_Mkt1,U_Nancy_Mkt2
C3314c7abc2bab88fa8e4d57883908b78,決策群組 A0 (test),Ubef9687a1564b8016f6a3050e968a6b9,user,我選 Sally,2025-10-20T06:01:38.816078+00:00,0,0,0,0,0,0,0,0,0,0,0,0,0,0,0,0,0,0,0,0,0,0,0,0,0,0,0
C3314c7abc2bab88fa8e4d57883908b78,決策群組 A0 (test),U447315b7e91905b6a635a8c6dbf0221a,user,我選 Sally,2025-10-20T06:01:44.971779+00:00,0,0,0,0,0,0,0,0,0,0,0,0,0,0,0,0,0,0,0,0,0,0,0,0,0,0,0
C3314c7abc2bab88fa8e4d57883908b78,決策群組 A0 (test),U8a08ebbdc406f66cd8790de188c8736a,user,我選 Amy,2025-10-20T06:01:58.206805+00:00,0,0,0,0,0,0,0,0,0,0,0,0,0,0,0,0,0,0,0,0,0,0,0,0,0,0,0
C3314c7abc2bab88fa8e4d57883908b78,決策群組 A0 (test),Ubef9687a1564b8016f6a3050e968a6b9,user,其實我還沒有很確定的人選，但我覺得Amy比較不適任,2025-10-20T06:02:07.696688+00:00,0,0,0,0,0,0,0,0,0,0,0,0,0,0,0,0,0,0,0,0,0,0,0,0,0,0,0
C3314c7abc2bab88fa8e4d57883908b78,決策群組 A0 (test),U447315b7e91905b6a635a8c6dbf0221a,user,我覺得Sally有足夠豐富的經驗,2025-10-20T06:02:44.278258+00:00,0,0,0,0,0,0,0,0,0,0,0,0,0,0,0,0,0,0,0,0,0,0,0,0,0,0,0
C3314c7abc2bab88fa8e4d57883908b78,決策群組 A0 (test),U8a08ebbdc406f66cd8790de188c8736a,user,我覺得Sally身為競爭對手公司，很可能對於公司財務狀況需要一定時間理解，以即戰力面向考量，我們需要找出最快能上手的人選,2025-10-20T06:03:35.772982+00:00,0,0,0,0,0,0,0,0,0,0,0,0,0,0,0,0,0,0,0,0,0,0,0,0,0,0,0
C3314c7abc2bab88fa8e4d57883908b78,決策群組 A0 (test),Ubef9687a1564b8016f6a3050e968a6b9,user,Nancy的話，我覺得她的亮點是有執照，而且有在公司待過比較多職位,2025-10-20T06:04:17.184574+00:00,0,0,0,0,0,0,0,0,0,0,0,0,0,0,0,0,0,0,0,0,0,0,0,0,0,0,0
C3314c7abc2bab88fa8e4d57883908b78,決策群組 A0 (test),U447315b7e91905b6a635a8c6dbf0221a,user,"我也覺得Amy 不適合，他沒有顯著的領導經驗和能力～

Nancy是相對來說可以考慮的人選",2025-10-20T06:05:20.408671+00:00,0,0,0,0,0,0,0,0,0,0,0,0,0,0,0,0,0,0,0,0,0,0,0,0,0,0,0
C3314c7abc2bab88fa8e4d57883908b78,決策群組 A0 (test),Ubef9687a1564b8016f6a3050e968a6b9,user,Sally我很看重她的領導力，她蠻適合跟投資人對接的,2025-10-20T06:05:47.225585+00:00,0,0,0,0,0,0,0,0,1,0,0,0,0,0,1,0,0,0,0,0,0,0,0,0,0,0,0
C3314c7abc2bab88fa8e4d57883908b78,決策群組 A0 (test),AI_ASSISTANT,assistant,"根據目前討論摘要如下：
- 多位成員支持 Sally，認為她擁有豐富經驗與領導力，並適合對接投資人。
- 有成員擔心 Sally 來自競爭對手公司，可能需較長時間適應並瞭解公司財務狀況，對即戰力有疑慮。
- 多數人認為 Amy 不適合，主要原因是缺乏領導經驗與能力。
- Nancy 的優勢在於持有相關執照，且在公司內歷練多個職位，被認為也是可考慮的人選。

目前已討論到候選人在專業能力、領導力及適應公司的即戰力。是否還需要考量其他面向，例如候選人的國際視野、跨部門合作經驗或個人特質（如抗壓性、學習力）？還有沒有成員掌握 Sally 或 Nancy 在這些方面的具體事例，或對他們的個人特質有更多觀察可以分享？",2025-10-20T06:05:53.152395+00:00,0,0,0,0,0,0,0,0,0,0,0,0,0,0,0,0,0,0,0,0,0,0,0,0,0,0,0
C3314c7abc2bab88fa8e4d57883908b78,決策群組 A0 (test),U8a08ebbdc406f66cd8790de188c8736a,user,以國際視野來說，Nancy確實是個不錯的人選，我改投Nancy一票,2025-10-20T06:06:45.368517+00:00,0,0,0,0,0,0,0,0,0,0,0,0,0,0,0,0,0,0,0,0,0,0,0,0,0,0,0
C3314c7abc2bab88fa8e4d57883908b78,決策群組 A0 (test),Ubef9687a1564b8016f6a3050e968a6b9,user,但Nancy在性格上比較不適合當leader，有同事來跟我抱怨她比較不會帶隊，比如不會記得表揚同事，,2025-10-20T06:07:55.960430+00:00,0,0,0,0,0,0,0,0,0,0,0,0,0,0,0,0,0,0,0,0,0,0,0,0,0,0,0
C3314c7abc2bab88fa8e4d57883908b78,決策群組 A0 (test),U447315b7e91905b6a635a8c6dbf0221a,user,"我也覺得領導力是我很重視的，有帶領他人能力、綜觀的跨經驗視野是難得的事，再者我們空窗了五年，還是可以運行，所要著重的應該是「決策和管理能力」。

我覺得就算Sally 是競爭對手，但這也代表她更知道我們在決策上的不足",2025-10-20T06:08:19.182483+00:00,0,0,0,0,0,0,0,0,0,0,0,0,0,0,0,0,0,0,0,0,0,0,0,0,0,0,0
C3314c7abc2bab88fa8e4d57883908b78,決策群組 A0 (test),U8a08ebbdc406f66cd8790de188c8736a,user,領導能力來說，我有聽幾位同事分享，三位都有各自不足之處，我覺得相較是之下擁有客觀主導過專案的應該是Sally，因此我想他應該可以是我們的最終人選,2025-10-20T06:09:49.545693+00:00,0,0,0,0,0,0,0,0,0,0,0,0,0,0,0,0,0,0,0,0,0,0,0,0,0,0,0
C3314c7abc2bab88fa8e4d57883908b78,決策群組 A0 (test),Ubef9687a1564b8016f6a3050e968a6b9,user,Sally的部分我唯一當心的點是，她這個人在和同事相處的時候略微有些霸道，可能要多注意關心她的下屬,2025-10-20T06:10:13.136791+00:00,0,0,0,0,0,0,0,0,0,0,0,0,0,0,0,1,0,0,0,0,0,0,0,0,0,0,0
C3314c7abc2bab88fa8e4d57883908b78,決策群組 A0 (test),U447315b7e91905b6a635a8c6dbf0221a,user,聽說Sally 有擔任倫敦和遊民的財務工作，對於不同金融環境都有體會，相對其他人，更有快速抓到痛點並做好決策的能力。能賺錢、有能力的都是好同事,2025-10-20T06:10:49.041162+00:00,0,0,0,0,0,0,0,0,0,0,0,0,0,0,0,0,0,0,0,0,0,0,0,0,0,0,0
C3314c7abc2bab88fa8e4d57883908b78,決策群組 A0 (test),AI_ASSISTANT,assistant,"目前討論重點整理如下：
- 有成員原本支持 Sally，後來因考量國際視野轉而支持 Nancy，認為 Nancy 在這方面表現較佳。
- Nancy 被認為具備國際視野與專業執照，但有同事反映其領導風格較弱，較少表揚同事，帶隊風格有待加強。
- Sally 的領導力與專案主導能力受到重視，過去有倫敦等地的財務經驗，被認為能快速辨識問題並做出決策，適合帶領團隊。
- 但也有成員擔心 Sally 個性略顯霸道，需要注意與下屬的互動與團隊氛圍。

目前針對候選人的財務專業、領導合作、國際視野和個人特質都有初步討論。還有沒有成員掌握三位候選人在「跨部門協作」或「抗壓能力」上的具體表現？是否還需要考量他們與高層或外部夥伴的溝通協調能力？歡迎大家補充相關經驗或觀察，幫助小組更全面評估。",2025-10-20T06:10:57.279777+00:00,0,0,0,0,0,0,0,0,0,0,0,0,0,0,0,0,0,0,0,0,0,0,0,0,0,0,0
C3314c7abc2bab88fa8e4d57883908b78,決策群組 A0 (test),Ubef9687a1564b8016f6a3050e968a6b9,user,如果Sally進來後，也許可以來辦一個公司團建，讓大家多認識她一下,2025-10-20T06:12:06.775692+00:00,0,0,0,0,0,0,0,0,0,0,0,0,0,0,0,0,0,0,0,0,0,0,0,0,0,0,0
C3314c7abc2bab88fa8e4d57883908b78,決策群組 A0 (test),U8a08ebbdc406f66cd8790de188c8736a,user,我印象中，Nancy在擔任會計副總裁期間，他有多次出國出差的經驗，他應該可以提供不同職位的觀點,2025-10-20T06:12:52.540159+00:00,0,0,0,0,0,0,0,0,0,0,0,0,0,0,0,0,0,0,0,0,0,0,0,0,0,0,0
C3314c7abc2bab88fa8e4d57883908b78,決策群組 A0 (test),Ubef9687a1564b8016f6a3050e968a6b9,user,喔～原來她有這個經驗喔，蠻意外的,2025-10-20T06:13:16.730093+00:00,0,0,0,0,0,0,0,0,0,0,0,0,0,0,0,0,0,0,0,0,0,0,0,0,0,0,0
C3314c7abc2bab88fa8e4d57883908b78,決策群組 A0 (test),Ubef9687a1564b8016f6a3050e968a6b9,user,但我比較偏好有直接在國外工作經驗的人啦,2025-10-20T06:13:51.253604+00:00,0,0,0,0,0,0,0,0,0,0,0,0,0,0,0,0,0,0,0,0,0,0,0,0,0,0,0
C3314c7abc2bab88fa8e4d57883908b78,決策群組 A0 (test),Ubef9687a1564b8016f6a3050e968a6b9,user,那個比較紮實,2025-10-20T06:13:55.820032+00:00,0,0,0,0,0,0,0,0,0,0,0,0,0,0,0,0,0,0,0,0,0,0,0,0,0,0,0
C3314c7abc2bab88fa8e4d57883908b78,決策群組 A0 (test),U447315b7e91905b6a635a8c6dbf0221a,user,要說不同職位的話，Sally也有擔任過IBM銷售工作，也有很多跨國和環境的工作。豐富度比較高吧？,2025-10-20T06:14:53.411732+00:00,0,0,0,0,0,0,0,0,0,0,0,0,0,0,0,0,0,0,0,0,0,0,0,0,0,0,0
C3314c7abc2bab88fa8e4d57883908b78,決策群組 A0 (test),AI_ASSISTANT,assistant,"目前討論重點整理如下：
- 有成員建議若 Sally 入職，可透過團建活動促進團隊認識，協助她融入團隊。
- Nancy 擔任會計副總裁期間有多次出國出差，能帶來不同職務的視角，但部分成員認為直接在國外工作的經驗更具價值。
- Sally 不僅有倫敦等地的財務工作經歷，也曾在 IBM 擔任銷售並涉足跨國業務，國際經驗與職務歷練相對豐富。
- 討論聚焦於國際視野、不同職位經歷，以及如何協助新任主管快速融入團隊。

目前「跨部門協作經驗」、「壓力下的應變表現」及「與高層、外部夥伴溝通協調能力」等面向尚未被充分討論。是否還有成員知道 Sally 或 Nancy 在這些方面的具體事例？或者大家認為這些條件在我們現階段的選擇中重不重要？歡迎繼續分享！",2025-10-20T06:14:58.339080+00:00,0,0,0,0,0,0,0,0,0,0,0,0,0,0,0,0,0,0,0,0,0,0,0,0,0,0,0
C3314c7abc2bab88fa8e4d57883908b78,決策群組 A0 (test),Ubef9687a1564b8016f6a3050e968a6b9,user,需要再討論,2025-10-20T06:16:49.575380+00:00,0,0,0,0,0,0,0,0,0,0,0,0,0,0,0,0,0,0,0,0,0,0,0,0,0,0,0
C3314c7abc2bab88fa8e4d57883908b78,決策群組 A0 (test),U447315b7e91905b6a635a8c6dbf0221a,user,需要再討論,2025-10-20T06:16:51.826200+00:00,0,0,0,0,0,0,0,0,0,0,0,0,0,0,0,0,0,0,0,0,0,0,0,0,0,0,0
C3314c7abc2bab88fa8e4d57883908b78,決策群組 A0 (test),U8a08ebbdc406f66cd8790de188c8736a,user,需要再討論,2025-10-20T06:17:04.227027+00:00,0,0,0,0,0,0,0,0,0,0,0,0,0,0,0,0,0,0,0,0,0,0,0,0,0,0,0
C3314c7abc2bab88fa8e4d57883908b78,決策群組 A0 (test),Ubef9687a1564b8016f6a3050e968a6b9,user,Sally 口才蠻不錯啦，之前在外面有很多場演講，我相信她可以處理好跨部溝通的,2025-10-20T06:18:03.787772+00:00,0,0,0,0,0,0,0,0,0,0,0,0,0,0,0,0,0,0,0,0,0,0,0,0,0,0,0
C3314c7abc2bab88fa8e4d57883908b78,決策群組 A0 (test),U447315b7e91905b6a635a8c6dbf0221a,user,"大家都說 Sally說很好的公開演講者，對於帶動士氣很不錯！而且願意跨足不同的環境（當地遊民收容所的志工財務長），我覺得他的行動力很加分

Nancy 都不記得表揚他人的貢獻，感覺他所管理的內部向心力會不太夠，他感覺比較是自己能力很好的類型？",2025-10-20T06:18:45.337188+00:00,0,0,0,0,0,0,0,0,0,0,0,0,0,0,0,0,0,0,0,0,0,0,0,0,0,0,0
C3314c7abc2bab88fa8e4d57883908b78,決策群組 A0 (test),U8a08ebbdc406f66cd8790de188c8736a,user,了解，我也相信Sally可以帶來之前IBM工作經驗，以及透過優秀口才來說服其他團隊一起處理好公司內外部問題，我們就決定這位人選吧：）,2025-10-20T06:19:37.036447+00:00,0,0,0,1,0,0,0,0,0,0,0,0,0,0,0,0,0,0,0,0,0,0,0,0,0,0,0
C3314c7abc2bab88fa8e4d57883908b78,決策群組 A0 (test),Ubef9687a1564b8016f6a3050e968a6b9,user,好哇～ 希望Amy之後也可以多協助她，畢竟她真的待很久了,2025-10-20T06:20:15.716381+00:00,0,0,0,0,0,0,0,0,0,0,0,0,0,0,0,0,0,0,0,0,0,0,0,0,0,0,0
C3314c7abc2bab88fa8e4d57883908b78,決策群組 A0 (test),U447315b7e91905b6a635a8c6dbf0221a,user,我也希望其他人可以跟他好好共識,2025-10-20T06:20:30.780481+00:00,0,0,0,0,0,0,0,0,0,0,0,0,0,0,0,0,0,0,0,0,0,0,0,0,0,0,0
C3314c7abc2bab88fa8e4d57883908b78,決策群組 A0 (test),Ubef9687a1564b8016f6a3050e968a6b9,user,已有共識？,2025-10-20T06:20:38.176087+00:00,0,0,0,0,0,0,0,0,0,0,0,0,0,0,0,0,0,0,0,0,0,0,0,0,0,0,0
C3314c7abc2bab88fa8e4d57883908b78,決策群組 A0 (test),AI_ASSISTANT,assistant,"目前討論重點整理如下：
- 多數成員認同 Sally 具備優秀的公開演講能力與行動力，能帶動團隊士氣並有效進行跨部門溝通。
- Sally 在不同環境（如 IBM、遊民收容所志工財務長）的豐富經驗，以及願意嘗試新挑戰，皆獲得肯定。
- Nancy 則被認為較少表揚同仁，可能影響團隊向心力，雖有專業能力與國際出差經驗，但在領導團隊方面評價略顯保留。
- Amy 未被推薦為主要人選，但有成員希望她能協助新任主管，加強團隊合作。

看來大家對 Sally 已有高度共識作為主要人選。是否還需要補充討論 Sally 在「壓力應變」或「與高層、外部夥伴協調」方面的相關經驗，或大家認為現有資訊足以做出決定？如果沒有其他補充，是否同意正式確認 Sally 為最終人選？",2025-10-20T06:20:44.746424+00:00,0,0,0,0,0,0,0,0,0,0,0,0,0,0,0,0,0,0,0,0,0,0,0,0,0,0,0
C3314c7abc2bab88fa8e4d57883908b78,決策群組 A0 (test),U8a08ebbdc406f66cd8790de188c8736a,user,已有共識,2025-10-20T06:20:46.046453+00:00,0,0,0,0,0,0,0,0,0,0,0,0,0,0,0,0,0,0,0,0,0,0,0,0,0,0,0
C3314c7abc2bab88fa8e4d57883908b78,決策群組 A0 (test),U447315b7e91905b6a635a8c6dbf0221a,user,*共事,2025-10-20T06:20:47.711492+00:00,0,0,0,0,0,0,0,0,0,0,0,0,0,0,0,0,0,0,0,0,0,0,0,0,0,0,0
C3314c7abc2bab88fa8e4d57883908b78,決策群組 A0 (test),Ubef9687a1564b8016f6a3050e968a6b9,user,已有共識,2025-10-20T06:21:01.980848+00:00,0,0,0,0,0,0,0,0,0,0,0,0,0,0,0,0,0,0,0,0,0,0,0,0,0,0,0
C3314c7abc2bab88fa8e4d57883908b78,決策群組 A0 (test),U447315b7e91905b6a635a8c6dbf0221a,user,已有共識,2025-10-20T06:21:07.412501+00:00,0,0,0,0,0,0,0,0,0,0,0,0,0,0,0,0,0,0,0,0,0,0,0,0,0,0,0
C3314c7abc2bab88fa8e4d57883908b78,決策群組 A0 (test),Ubef9687a1564b8016f6a3050e968a6b9,user,我們最終選擇 Sally,2025-10-20T06:21:12.239613+00:00,0,0,0,0,0,0,0,0,0,0,0,0,0,0,0,0,0,0,0,0,0,0,0,0,0,0,0
C3314c7abc2bab88fa8e4d57883908b78,決策群組 A0 (test),U447315b7e91905b6a635a8c6dbf0221a,user,我們最終選擇 Sally,2025-10-20T06:21:12.482295+00:00,0,0,0,0,0,0,0,0,0,0,0,0,0,0,0,0,0,0,0,0,0,0,0,0,0,0,0
C3314c7abc2bab88fa8e4d57883908b78,決策群組 A0 (test),U8a08ebbdc406f66cd8790de188c8736a,user,我們最終選擇 Sally,2025-10-20T06:21:15.911615+00:00,0,0,0,0,0,0,0,0,0,0,0,0,0,0,0,0,0,0,0,0,0,0,0,0,0,0,0
C3f3be906a481759b8f5c07c45e317fce,探究型 AI 測試,Ue8431db70845c091c2afe3cdc8b79265,user,我選 Sally,2025-10-25T07:16:33.976277+00:00,0,0,0,0,0,0,0,0,0,0,0,0,0,0,0,0,0,0,0,0,0,0,0,0,0,0,0
C3f3be906a481759b8f5c07c45e317fce,探究型 AI 測試,Ue5a743606bcf71ea70624e8f1f5fbfd8,user,我選 Nancy,2025-10-25T07:16:35.264918+00:00,0,0,0,0,0,0,0,0,0,0,0,0,0,0,0,0,0,0,0,0,0,0,0,0,0,0,0
C3f3be906a481759b8f5c07c45e317fce,探究型 AI 測試,Ue8431db70845c091c2afe3cdc8b79265,user,Sally 帶團隊的方式比較謹慎，Amy 比較鼓勵大家發言。,2025-10-25T07:16:43.023452+00:00,0,0,0,0,0,0,0,0,0,0,0,0,0,0,0,0,0,0,0,0,0,0,0,0,0,0,0
C3f3be906a481759b8f5c07c45e317fce,探究型 AI 測試,Ue8431db70845c091c2afe3cdc8b79265,user,Nancy 雖然年輕，但願意主動學習。,2025-10-25T07:16:48.083509+00:00,0,0,0,0,0,0,0,0,0,0,0,0,0,0,0,0,0,0,0,0,0,0,0,0,0,0,0
C3f3be906a481759b8f5c07c45e317fce,探究型 AI 測試,Ue8431db70845c091c2afe3cdc8b79265,user,Amy 英文很好，開國際會議很自然。,2025-10-25T07:16:51.750704+00:00,0,0,0,0,0,0,0,0,0,0,0,0,0,0,0,0,0,0,0,0,0,0,0,0,0,0,0
C3f3be906a481759b8f5c07c45e317fce,探究型 AI 測試,Ue8431db70845c091c2afe3cdc8b79265,user,Sally 之前負責亞洲區的併購案。,2025-10-25T07:16:56.527749+00:00,0,0,0,0,0,0,0,0,0,0,0,0,0,0,0,0,0,0,0,0,0,0,0,0,0,0,0
C3f3be906a481759b8f5c07c45e317fce,探究型 AI 測試,AI_ASSISTANT,assistant,目前大家有提到候選人在領導方式、學習態度與國際經驗等面向。如果還有成員掌握關於他們的財務專業能力或個人經歷的細節，歡迎補充，讓大家有更全面的討論依據。,2025-10-25T07:16:58.852325+00:00,0,0,0,0,0,0,0,0,0,0,0,0,0,0,0,0,0,0,0,0,0,0,0,0,0,0,0
C3f3be906a481759b8f5c07c45e317fce,探究型 AI 測試,Ue8431db70845c091c2afe3cdc8b79265,user,我覺得 Amy 的外語能力很好，開會時常協助翻譯。,2025-10-25T07:17:10.824401+00:00,0,0,0,0,0,0,0,0,0,0,0,0,0,0,0,0,0,0,0,0,0,0,0,0,0,0,0
C3f3be906a481759b8f5c07c45e317fce,探究型 AI 測試,Ue8431db70845c091c2afe3cdc8b79265,user,Sally 也有海外經驗，只是主要在亞洲市場。,2025-10-25T07:17:14.304544+00:00,0,0,0,0,0,0,0,0,0,0,0,0,0,0,0,0,0,0,0,0,0,0,0,0,0,0,0
C3f3be906a481759b8f5c07c45e317fce,探究型 AI 測試,Ue8431db70845c091c2afe3cdc8b79265,user,Nancy 的語文能力不錯，但缺少實際國際專案。,2025-10-25T07:17:18.611555+00:00,0,0,0,0,0,0,0,0,0,0,0,0,0,0,0,0,0,0,0,0,0,0,0,0,0,0,0
C3f3be906a481759b8f5c07c45e317fce,探究型 AI 測試,Ue8431db70845c091c2afe3cdc8b79265,user,Sally 在管理上比較謹慎，決策速度不快。,2025-10-25T07:17:24.561365+00:00,0,0,0,0,0,0,0,0,0,0,0,0,0,0,0,0,0,0,0,0,0,0,0,0,0,0,0
C3f3be906a481759b8f5c07c45e317fce,探究型 AI 測試,AI_ASSISTANT,assistant,目前大家針對候選人的國際視野和領導合作方式都有討論。請問有沒有成員能補充他們在財務專業或個人特質（例如抗壓性、責任感等）方面的觀察或經驗呢？,2025-10-25T07:17:26.816030+00:00,0,0,0,0,0,0,0,0,0,0,0,0,0,0,0,0,0,0,0,0,0,0,0,0,0,0,0
C3f3be906a481759b8f5c07c45e317fce,探究型 AI 測試,Ue8431db70845c091c2afe3cdc8b79265,user,已有共識,2025-10-25T07:17:45.054152+00:00,0,0,0,0,0,0,0,0,0,0,0,0,0,0,0,0,0,0,0,0,0,0,0,0,0,0,0
C3f3be906a481759b8f5c07c45e317fce,探究型 AI 測試,Ue5a743606bcf71ea70624e8f1f5fbfd8,user,已有共識,2025-10-25T07:17:48.558663+00:00,0,0,0,0,0,0,0,0,0,0,0,0,0,0,0,0,0,0,0,0,0,0,0,0,0,0,0
C3f3be906a481759b8f5c07c45e317fce,探究型 AI 測試,Ue8431db70845c091c2afe3cdc8b79265,user,我們最終選擇 Sally,2025-10-25T07:17:49.990583+00:00,0,0,0,0,0,0,0,0,0,0,0,0,0,0,0,0,0,0,0,0,0,0,0,0,0,0,0
C3f3be906a481759b8f5c07c45e317fce,探究型 AI 測試,Ue5a743606bcf71ea70624e8f1f5fbfd8,user,我們最終選擇 Sally,2025-10-25T07:17:52.308568+00:00,0,0,0,0,0,0,0,0,0,0,0,0,0,0,0,0,0,0,0,0,0,0,0,0,0,0,0
