from,user_id,text,timestamp,group_id,bot_role,group_name
user,Ubef9687a1564b8016f6a3050e968a6b9,我選 Sally,2025-10-20T06:01:38.816078+00:00,C3314c7abc2bab88fa8e4d57883908b78,混合型AI,決策群組 A0 (test)
user,U447315b7e91905b6a635a8c6dbf0221a,我選 Sally,2025-10-20T06:01:44.971779+00:00,C3314c7abc2bab88fa8e4d57883908b78,混合型AI,決策群組 A0 (test)
user,U8a08ebbdc406f66cd8790de188c8736a,我選 Amy,2025-10-20T06:01:58.206805+00:00,C3314c7abc2bab88fa8e4d57883908b78,混合型AI,決策群組 A0 (test)
user,Ubef9687a1564b8016f6a3050e968a6b9,其實我還沒有很確定的人選，但我覺得Amy比較不適任,2025-10-20T06:02:07.696688+00:00,C3314c7abc2bab88fa8e4d57883908b78,混合型AI,決策群組 A0 (test)
user,U447315b7e91905b6a635a8c6dbf0221a,我覺得Sally有足夠豐富的經驗,2025-10-20T06:02:44.278258+00:00,C3314c7abc2bab88fa8e4d57883908b78,混合型AI,決策群組 A0 (test)
user,U8a08ebbdc406f66cd8790de188c8736a,我覺得Sally身為競爭對手公司，很可能對於公司財務狀況需要一定時間理解，以即戰力面向考量，我們需要找出最快能上手的人選,2025-10-20T06:03:35.772982+00:00,C3314c7abc2bab88fa8e4d57883908b78,混合型AI,決策群組 A0 (test)
user,Ubef9687a1564b8016f6a3050e968a6b9,Nancy的話，我覺得她的亮點是有執照，而且有在公司待過比較多職位,2025-10-20T06:04:17.184574+00:00,C3314c7abc2bab88fa8e4d57883908b78,混合型AI,決策群組 A0 (test)
user,U447315b7e91905b6a635a8c6dbf0221a,"我也覺得Amy 不適合，他沒有顯著的領導經驗和能力～

Nancy是相對來說可以考慮的人選",2025-10-20T06:05:20.408671+00:00,C3314c7abc2bab88fa8e4d57883908b78,混合型AI,決策群組 A0 (test)
user,Ubef9687a1564b8016f6a3050e968a6b9,Sally我很看重她的領導力，她蠻適合跟投資人對接的,2025-10-20T06:05:47.225585+00:00,C3314c7abc2bab88fa8e4d57883908b78,混合型AI,決策群組 A0 (test)
assistant,AI_ASSISTANT,"根據目前討論摘要如下：
- 多位成員支持 Sally，認為她擁有豐富經驗與領導力，並適合對接投資人。
- 有成員擔心 Sally 來自競爭對手公司，可能需較長時間適應並瞭解公司財務狀況，對即戰力有疑慮。
- 多數人認為 Amy 不適合，主要原因是缺乏領導經驗與能力。
- Nancy 的優勢在於持有相關執照，且在公司內歷練多個職位，被認為也是可考慮的人選。

目前已討論到候選人在專業能力、領導力及適應公司的即戰力。是否還需要考量其他面向，例如候選人的國際視野、跨部門合作經驗或個人特質（如抗壓性、學習力）？還有沒有成員掌握 Sally 或 Nancy 在這些方面的具體事例，或對他們的個人特質有更多觀察可以分享？",2025-10-20T06:05:53.152395+00:00,C3314c7abc2bab88fa8e4d57883908b78,混合型AI,決策群組 A0 (test)
user,U8a08ebbdc406f66cd8790de188c8736a,以國際視野來說，Nancy確實是個不錯的人選，我改投Nancy一票,2025-10-20T06:06:45.368517+00:00,C3314c7abc2bab88fa8e4d57883908b78,混合型AI,決策群組 A0 (test)
user,Ubef9687a1564b8016f6a3050e968a6b9,但Nancy在性格上比較不適合當leader，有同事來跟我抱怨她比較不會帶隊，比如不會記得表揚同事，,2025-10-20T06:07:55.960430+00:00,C3314c7abc2bab88fa8e4d57883908b78,混合型AI,決策群組 A0 (test)
user,U447315b7e91905b6a635a8c6dbf0221a,"我也覺得領導力是我很重視的，有帶領他人能力、綜觀的跨經驗視野是難得的事，再者我們空窗了五年，還是可以運行，所要著重的應該是「決策和管理能力」。

我覺得就算Sally 是競爭對手，但這也代表她更知道我們在決策上的不足",2025-10-20T06:08:19.182483+00:00,C3314c7abc2bab88fa8e4d57883908b78,混合型AI,決策群組 A0 (test)
user,U8a08ebbdc406f66cd8790de188c8736a,領導能力來說，我有聽幾位同事分享，三位都有各自不足之處，我覺得相較是之下擁有客觀主導過專案的應該是Sally，因此我想他應該可以是我們的最終人選,2025-10-20T06:09:49.545693+00:00,C3314c7abc2bab88fa8e4d57883908b78,混合型AI,決策群組 A0 (test)
user,Ubef9687a1564b8016f6a3050e968a6b9,Sally的部分我唯一當心的點是，她這個人在和同事相處的時候略微有些霸道，可能要多注意關心她的下屬,2025-10-20T06:10:13.136791+00:00,C3314c7abc2bab88fa8e4d57883908b78,混合型AI,決策群組 A0 (test)
user,U447315b7e91905b6a635a8c6dbf0221a,聽說Sally 有擔任倫敦和遊民的財務工作，對於不同金融環境都有體會，相對其他人，更有快速抓到痛點並做好決策的能力。能賺錢、有能力的都是好同事,2025-10-20T06:10:49.041162+00:00,C3314c7abc2bab88fa8e4d57883908b78,混合型AI,決策群組 A0 (test)
assistant,AI_ASSISTANT,"目前討論重點整理如下：
- 有成員原本支持 Sally，後來因考量國際視野轉而支持 Nancy，認為 Nancy 在這方面表現較佳。
- Nancy 被認為具備國際視野與專業執照，但有同事反映其領導風格較弱，較少表揚同事，帶隊風格有待加強。
- Sally 的領導力與專案主導能力受到重視，過去有倫敦等地的財務經驗，被認為能快速辨識問題並做出決策，適合帶領團隊。
- 但也有成員擔心 Sally 個性略顯霸道，需要注意與下屬的互動與團隊氛圍。

目前針對候選人的財務專業、領導合作、國際視野和個人特質都有初步討論。還有沒有成員掌握三位候選人在「跨部門協作」或「抗壓能力」上的具體表現？是否還需要考量他們與高層或外部夥伴的溝通協調能力？歡迎大家補充相關經驗或觀察，幫助小組更全面評估。",2025-10-20T06:10:57.279777+00:00,C3314c7abc2bab88fa8e4d57883908b78,混合型AI,決策群組 A0 (test)
user,Ubef9687a1564b8016f6a3050e968a6b9,如果Sally進來後，也許可以來辦一個公司團建，讓大家多認識她一下,2025-10-20T06:12:06.775692+00:00,C3314c7abc2bab88fa8e4d57883908b78,混合型AI,決策群組 A0 (test)
user,U8a08ebbdc406f66cd8790de188c8736a,我印象中，Nancy在擔任會計副總裁期間，他有多次出國出差的經驗，他應該可以提供不同職位的觀點,2025-10-20T06:12:52.540159+00:00,C3314c7abc2bab88fa8e4d57883908b78,混合型AI,決策群組 A0 (test)
user,Ubef9687a1564b8016f6a3050e968a6b9,喔～原來她有這個經驗喔，蠻意外的,2025-10-20T06:13:16.730093+00:00,C3314c7abc2bab88fa8e4d57883908b78,混合型AI,決策群組 A0 (test)
user,Ubef9687a1564b8016f6a3050e968a6b9,但我比較偏好有直接在國外工作經驗的人啦,2025-10-20T06:13:51.253604+00:00,C3314c7abc2bab88fa8e4d57883908b78,混合型AI,決策群組 A0 (test)
user,Ubef9687a1564b8016f6a3050e968a6b9,那個比較紮實,2025-10-20T06:13:55.820032+00:00,C3314c7abc2bab88fa8e4d57883908b78,混合型AI,決策群組 A0 (test)
user,U447315b7e91905b6a635a8c6dbf0221a,要說不同職位的話，Sally也有擔任過IBM銷售工作，也有很多跨國和環境的工作。豐富度比較高吧？,2025-10-20T06:14:53.411732+00:00,C3314c7abc2bab88fa8e4d57883908b78,混合型AI,決策群組 A0 (test)
assistant,AI_ASSISTANT,"目前討論重點整理如下：
- 有成員建議若 Sally 入職，可透過團建活動促進團隊認識，協助她融入團隊。
- Nancy 擔任會計副總裁期間有多次出國出差，能帶來不同職務的視角，但部分成員認為直接在國外工作的經驗更具價值。
- Sally 不僅有倫敦等地的財務工作經歷，也曾在 IBM 擔任銷售並涉足跨國業務，國際經驗與職務歷練相對豐富。
- 討論聚焦於國際視野、不同職位經歷，以及如何協助新任主管快速融入團隊。

目前「跨部門協作經驗」、「壓力下的應變表現」及「與高層、外部夥伴溝通協調能力」等面向尚未被充分討論。是否還有成員知道 Sally 或 Nancy 在這些方面的具體事例？或者大家認為這些條件在我們現階段的選擇中重不重要？歡迎繼續分享！",2025-10-20T06:14:58.339080+00:00,C3314c7abc2bab88fa8e4d57883908b78,混合型AI,決策群組 A0 (test)
user,Ubef9687a1564b8016f6a3050e968a6b9,需要再討論,2025-10-20T06:16:49.575380+00:00,C3314c7abc2bab88fa8e4d57883908b78,混合型AI,決策群組 A0 (test)
user,U447315b7e91905b6a635a8c6dbf0221a,需要再討論,2025-10-20T06:16:51.826200+00:00,C3314c7abc2bab88fa8e4d57883908b78,混合型AI,決策群組 A0 (test)
user,U8a08ebbdc406f66cd8790de188c8736a,需要再討論,2025-10-20T06:17:04.227027+00:00,C3314c7abc2bab88fa8e4d57883908b78,混合型AI,決策群組 A0 (test)
user,Ubef9687a1564b8016f6a3050e968a6b9,Sally 口才蠻不錯啦，之前在外面有很多場演講，我相信她可以處理好跨部溝通的,2025-10-20T06:18:03.787772+00:00,C3314c7abc2bab88fa8e4d57883908b78,混合型AI,決策群組 A0 (test)
user,U447315b7e91905b6a635a8c6dbf0221a,"大家都說 Sally說很好的公開演講者，對於帶動士氣很不錯！而且願意跨足不同的環境（當地遊民收容所的志工財務長），我覺得他的行動力很加分

Nancy 都不記得表揚他人的貢獻，感覺他所管理的內部向心力會不太夠，他感覺比較是自己能力很好的類型？",2025-10-20T06:18:45.337188+00:00,C3314c7abc2bab88fa8e4d57883908b78,混合型AI,決策群組 A0 (test)
user,U8a08ebbdc406f66cd8790de188c8736a,了解，我也相信Sally可以帶來之前IBM工作經驗，以及透過優秀口才來說服其他團隊一起處理好公司內外部問題，我們就決定這位人選吧：）,2025-10-20T06:19:37.036447+00:00,C3314c7abc2bab88fa8e4d57883908b78,混合型AI,決策群組 A0 (test)
user,Ubef9687a1564b8016f6a3050e968a6b9,好哇～ 希望Amy之後也可以多協助她，畢竟她真的待很久了,2025-10-20T06:20:15.716381+00:00,C3314c7abc2bab88fa8e4d57883908b78,混合型AI,決策群組 A0 (test)
user,U447315b7e91905b6a635a8c6dbf0221a,我也希望其他人可以跟他好好共識,2025-10-20T06:20:30.780481+00:00,C3314c7abc2bab88fa8e4d57883908b78,混合型AI,決策群組 A0 (test)
user,Ubef9687a1564b8016f6a3050e968a6b9,已有共識？,2025-10-20T06:20:38.176087+00:00,C3314c7abc2bab88fa8e4d57883908b78,混合型AI,決策群組 A0 (test)
assistant,AI_ASSISTANT,"目前討論重點整理如下：
- 多數成員認同 Sally 具備優秀的公開演講能力與行動力，能帶動團隊士氣並有效進行跨部門溝通。
- Sally 在不同環境（如 IBM、遊民收容所志工財務長）的豐富經驗，以及願意嘗試新挑戰，皆獲得肯定。
- Nancy 則被認為較少表揚同仁，可能影響團隊向心力，雖有專業能力與國際出差經驗，但在領導團隊方面評價略顯保留。
- Amy 未被推薦為主要人選，但有成員希望她能協助新任主管，加強團隊合作。

看來大家對 Sally 已有高度共識作為主要人選。是否還需要補充討論 Sally 在「壓力應變」或「與高層、外部夥伴協調」方面的相關經驗，或大家認為現有資訊足以做出決定？如果沒有其他補充，是否同意正式確認 Sally 為最終人選？",2025-10-20T06:20:44.746424+00:00,C3314c7abc2bab88fa8e4d57883908b78,混合型AI,決策群組 A0 (test)
user,U8a08ebbdc406f66cd8790de188c8736a,已有共識,2025-10-20T06:20:46.046453+00:00,C3314c7abc2bab88fa8e4d57883908b78,混合型AI,決策群組 A0 (test)
user,U447315b7e91905b6a635a8c6dbf0221a,*共事,2025-10-20T06:20:47.711492+00:00,C3314c7abc2bab88fa8e4d57883908b78,混合型AI,決策群組 A0 (test)
user,Ubef9687a1564b8016f6a3050e968a6b9,已有共識,2025-10-20T06:21:01.980848+00:00,C3314c7abc2bab88fa8e4d57883908b78,混合型AI,決策群組 A0 (test)
user,U447315b7e91905b6a635a8c6dbf0221a,已有共識,2025-10-20T06:21:07.412501+00:00,C3314c7abc2bab88fa8e4d57883908b78,混合型AI,決策群組 A0 (test)
user,Ubef9687a1564b8016f6a3050e968a6b9,我們最終選擇 Sally,2025-10-20T06:21:12.239613+00:00,C3314c7abc2bab88fa8e4d57883908b78,混合型AI,決策群組 A0 (test)
user,U447315b7e91905b6a635a8c6dbf0221a,我們最終選擇 Sally,2025-10-20T06:21:12.482295+00:00,C3314c7abc2bab88fa8e4d57883908b78,混合型AI,決策群組 A0 (test)
user,U8a08ebbdc406f66cd8790de188c8736a,我們最終選擇 Sally,2025-10-20T06:21:15.911615+00:00,C3314c7abc2bab88fa8e4d57883908b78,混合型AI,決策群組 A0 (test)
user,Ue8431db70845c091c2afe3cdc8b79265,我選 Amy,2025-10-25T07:05:00.567051+00:00,Cea0e2d7d140def9ce5c67cb8ed1fcee4,混合型AI,混合型 AI 測試
user,Ue5a743606bcf71ea70624e8f1f5fbfd8,我選 Nancy,2025-10-25T07:05:03.048206+00:00,Cea0e2d7d140def9ce5c67cb8ed1fcee4,混合型AI,混合型 AI 測試
user,Ue8431db70845c091c2afe3cdc8b79265,我覺得 Sally 的財務經驗最豐富，她曾經在兩家上市公司擔任財務長。,2025-10-25T07:05:12.682664+00:00,Cea0e2d7d140def9ce5c67cb8ed1fcee4,混合型AI,混合型 AI 測試
user,Ue8431db70845c091c2afe3cdc8b79265,Amy 的優勢在溝通上，她擅長整合不同部門的意見。,2025-10-25T07:05:16.508287+00:00,Cea0e2d7d140def9ce5c67cb8ed1fcee4,混合型AI,混合型 AI 測試
user,Ue8431db70845c091c2afe3cdc8b79265,Nancy 雖然年資較淺，但在風控策略上有創新思維。,2025-10-25T07:05:22.378931+00:00,Cea0e2d7d140def9ce5c67cb8ed1fcee4,混合型AI,混合型 AI 測試
user,Ue8431db70845c091c2afe3cdc8b79265,我覺得 Sally 的領導風格偏保守，可能不太適合快速變動的環境。,2025-10-25T07:05:27.613216+00:00,Cea0e2d7d140def9ce5c67cb8ed1fcee4,混合型AI,混合型 AI 測試
assistant,AI_ASSISTANT,"目前討論重點整理如下：
- Sally 擁有兩家上市公司財務長經驗，財務專業突出，但領導風格較保守。
- Amy 在溝通與跨部門整合意見方面表現優異。
- Nancy 年資較淺，但在風控策略上展現創新思維。

目前較少提及的是各位候選人的國際經歷、個人經歷細節及合作特質。是否還有成員知道 Amy、Nancy 或 Sally 在國際視野或團隊合作上的具體表現，能分享更多資訊嗎？",2025-10-25T07:05:30.808603+00:00,Cea0e2d7d140def9ce5c67cb8ed1fcee4,混合型AI,混合型 AI 測試
user,Ue8431db70845c091c2afe3cdc8b79265,相較之下，Amy 在帶團隊時比較開放，鼓勵成員表達想法。,2025-10-25T07:05:44.257900+00:00,Cea0e2d7d140def9ce5c67cb8ed1fcee4,混合型AI,混合型 AI 測試
user,Ue8431db70845c091c2afe3cdc8b79265,Nancy 雖然缺乏高層經驗，但她學習速度快，也很願意聽取意見。,2025-10-25T07:05:48.907384+00:00,Cea0e2d7d140def9ce5c67cb8ed1fcee4,混合型AI,混合型 AI 測試
user,Ue8431db70845c091c2afe3cdc8b79265,我記得 Sally 曾負責海外投資案，但結果不太理想。,2025-10-25T07:05:52.934057+00:00,Cea0e2d7d140def9ce5c67cb8ed1fcee4,混合型AI,混合型 AI 測試
user,Ue8431db70845c091c2afe3cdc8b79265,Amy 在國際合作上比較有經驗，跟外商溝通很順。,2025-10-25T07:05:57.192639+00:00,Cea0e2d7d140def9ce5c67cb8ed1fcee4,混合型AI,混合型 AI 測試
assistant,AI_ASSISTANT,"目前討論重點如下：
- Sally 財務經驗豐富，曾有海外投資經驗但成效一般，領導風格偏保守。
- Amy 擅長溝通整合，具備國際合作經驗，帶團隊時風格開放。
- Nancy 在風控策略有創新，學習快且樂於聽意見，但高層經驗較少。

目前較少被討論的是候選人的具體個人經歷細節以及合作特質（如與不同團隊協作的實例）。是否還有成員知道 Sally、Amy 或 Nancy 在跨部門合作或個人特殊經歷方面的更多資訊，可以補充分享嗎？",2025-10-25T07:06:00.635979+00:00,Cea0e2d7d140def9ce5c67cb8ed1fcee4,混合型AI,混合型 AI 測試
user,Ue8431db70845c091c2afe3cdc8b79265,已有共識,2025-10-25T07:06:25.261232+00:00,Cea0e2d7d140def9ce5c67cb8ed1fcee4,混合型AI,混合型 AI 測試
user,Ue5a743606bcf71ea70624e8f1f5fbfd8,已有共識,2025-10-25T07:06:45.183789+00:00,Cea0e2d7d140def9ce5c67cb8ed1fcee4,混合型AI,混合型 AI 測試
user,Ue8431db70845c091c2afe3cdc8b79265,我們最終選擇 Amy,2025-10-25T07:06:47.208481+00:00,Cea0e2d7d140def9ce5c67cb8ed1fcee4,混合型AI,混合型 AI 測試
user,Ue8431db70845c091c2afe3cdc8b79265,Amy 的優勢是團隊合作，她讓溝通更順暢。,2025-10-25T07:07:01.029038+00:00,Cea0e2d7d140def9ce5c67cb8ed1fcee4,混合型AI,混合型 AI 測試
user,Ue8431db70845c091c2afe3cdc8b79265,Nancy 的創意思考對風險控管很有幫助。,2025-10-25T07:07:21.455673+00:00,Cea0e2d7d140def9ce5c67cb8ed1fcee4,混合型AI,混合型 AI 測試
user,Ue8431db70845c091c2afe3cdc8b79265,Sally 在管理上比較謹慎，決策速度不快。,2025-10-25T07:07:45.436691+00:00,Cea0e2d7d140def9ce5c67cb8ed1fcee4,混合型AI,混合型 AI 測試
user,Ue8431db70845c091c2afe3cdc8b79265,Amy 擅長帶年輕團隊，很懂激勵。,2025-10-25T07:07:58.858685+00:00,Cea0e2d7d140def9ce5c67cb8ed1fcee4,混合型AI,混合型 AI 測試
user,Ue8431db70845c091c2afe3cdc8b79265,我們最終選擇 Amy,2025-10-25T07:08:26.298227+00:00,Cea0e2d7d140def9ce5c67cb8ed1fcee4,混合型AI,混合型 AI 測試
user,Ue8431db70845c091c2afe3cdc8b79265,我們最終選擇 Amy,2025-10-25T07:08:31.362939+00:00,Cea0e2d7d140def9ce5c67cb8ed1fcee4,混合型AI,混合型 AI 測試
user,Ue5a743606bcf71ea70624e8f1f5fbfd8,我們最終選擇 Amy,2025-10-25T07:08:33.165837+00:00,Cea0e2d7d140def9ce5c67cb8ed1fcee4,混合型AI,混合型 AI 測試
user,Ue8431db70845c091c2afe3cdc8b79265,我選 Sally,2025-10-25T07:11:26.367281+00:00,Cc458774f24ed0d9e4e2bbfe31489a38e,無介入AI,無介入 AI 測試
user,Ue5a743606bcf71ea70624e8f1f5fbfd8,我選 Amy,2025-10-25T07:11:27.977113+00:00,Cc458774f24ed0d9e4e2bbfe31489a38e,無介入AI,無介入 AI 測試
user,Ue8431db70845c091c2afe3cdc8b79265,我覺得 Sally 的財務經驗最豐富，她曾經在兩家上市公司擔任財務長。,2025-10-25T07:11:49.543816+00:00,Cc458774f24ed0d9e4e2bbfe31489a38e,無介入AI,無介入 AI 測試
user,Ue8431db70845c091c2afe3cdc8b79265,Amy 的優勢在溝通上，她擅長整合不同部門的意見。,2025-10-25T07:11:54.364930+00:00,Cc458774f24ed0d9e4e2bbfe31489a38e,無介入AI,無介入 AI 測試
user,Ue8431db70845c091c2afe3cdc8b79265,Nancy 雖然年資較淺，但在風控策略上有創新思維。,2025-10-25T07:11:58.591582+00:00,Cc458774f24ed0d9e4e2bbfe31489a38e,無介入AI,無介入 AI 測試
user,Ue8431db70845c091c2afe3cdc8b79265,我覺得 Sally 的領導風格偏保守，可能不太適合快速變動的環境。,2025-10-25T07:12:01.935667+00:00,Cc458774f24ed0d9e4e2bbfe31489a38e,無介入AI,無介入 AI 測試
assistant,AI_ASSISTANT,提醒大家：目標是推薦公司最合適的 CFO 財務長候選人，請記得檢視候選人是否具備財務專業、領導合作能力、國際視野、個人經歷與合作特質。,2025-10-25T07:12:03.836410+00:00,Cc458774f24ed0d9e4e2bbfe31489a38e,無介入AI,無介入 AI 測試
user,Ue8431db70845c091c2afe3cdc8b79265,相較之下，Amy 在帶團隊時比較開放，鼓勵成員表達想法。,2025-10-25T07:12:12.293458+00:00,Cc458774f24ed0d9e4e2bbfe31489a38e,無介入AI,無介入 AI 測試
user,Ue8431db70845c091c2afe3cdc8b79265,Nancy 雖然缺乏高層經驗，但她學習速度快，也很願意聽取意見。,2025-10-25T07:12:15.838530+00:00,Cc458774f24ed0d9e4e2bbfe31489a38e,無介入AI,無介入 AI 測試
user,Ue8431db70845c091c2afe3cdc8b79265,我記得 Sally 曾負責海外投資案，但結果不太理想。,2025-10-25T07:12:20.978886+00:00,Cc458774f24ed0d9e4e2bbfe31489a38e,無介入AI,無介入 AI 測試
user,Ue8431db70845c091c2afe3cdc8b79265,已有共識,2025-10-25T07:12:31.098774+00:00,Cc458774f24ed0d9e4e2bbfe31489a38e,無介入AI,無介入 AI 測試
user,Ue5a743606bcf71ea70624e8f1f5fbfd8,需要再討論,2025-10-25T07:12:33.901022+00:00,Cc458774f24ed0d9e4e2bbfe31489a38e,無介入AI,無介入 AI 測試
user,Ue8431db70845c091c2afe3cdc8b79265,Nancy 還沒有海外經驗，但她英文很好，應該能快速適應。,2025-10-25T07:12:42.985244+00:00,Cc458774f24ed0d9e4e2bbfe31489a38e,無介入AI,無介入 AI 測試
assistant,AI_ASSISTANT,小提醒：在確認候選人時，別忘了考量國際視野以及是否具備值得信賴的個人特質喔。,2025-10-25T07:12:44.166411+00:00,Cc458774f24ed0d9e4e2bbfe31489a38e,無介入AI,無介入 AI 測試
user,Ue8431db70845c091c2afe3cdc8b79265,Sally 的財務背景真的很強，報表能力沒話說。,2025-10-25T07:12:57.942316+00:00,Cc458774f24ed0d9e4e2bbfe31489a38e,無介入AI,無介入 AI 測試
user,Ue8431db70845c091c2afe3cdc8b79265,Amy 的優勢是團隊合作，她讓溝通更順暢。,2025-10-25T07:13:02.860678+00:00,Cc458774f24ed0d9e4e2bbfe31489a38e,無介入AI,無介入 AI 測試
user,Ue8431db70845c091c2afe3cdc8b79265,Nancy 的創意思考對風險控管很有幫助。,2025-10-25T07:13:07.032886+00:00,Cc458774f24ed0d9e4e2bbfe31489a38e,無介入AI,無介入 AI 測試
user,Ue8431db70845c091c2afe3cdc8b79265,Sally 在管理上比較謹慎，決策速度不快。,2025-10-25T07:13:12.823209+00:00,Cc458774f24ed0d9e4e2bbfe31489a38e,無介入AI,無介入 AI 測試
assistant,AI_ASSISTANT,提醒大家：除了財務專業，還要留意候選人的領導合作能力、國際視野、個人經歷與合作特質，確保整體符合CFO的需求喔。,2025-10-25T07:13:15.061958+00:00,Cc458774f24ed0d9e4e2bbfe31489a38e,無介入AI,無介入 AI 測試
user,Ue8431db70845c091c2afe3cdc8b79265,已有共識,2025-10-25T07:13:35.393843+00:00,Cc458774f24ed0d9e4e2bbfe31489a38e,無介入AI,無介入 AI 測試
user,Ue5a743606bcf71ea70624e8f1f5fbfd8,已有共識,2025-10-25T07:13:39.197383+00:00,Cc458774f24ed0d9e4e2bbfe31489a38e,無介入AI,無介入 AI 測試
user,Ue5a743606bcf71ea70624e8f1f5fbfd8,我們最終選擇 Amy,2025-10-25T07:13:40.711363+00:00,Cc458774f24ed0d9e4e2bbfe31489a38e,無介入AI,無介入 AI 測試
user,Ue8431db70845c091c2afe3cdc8b79265,Sally 的財務能力真的很強。,2025-10-25T07:13:50.289325+00:00,Cc458774f24ed0d9e4e2bbfe31489a38e,無介入AI,無介入 AI 測試
user,Ue8431db70845c091c2afe3cdc8b79265,Amy 的團隊合作表現很好。,2025-10-25T07:13:54.829369+00:00,Cc458774f24ed0d9e4e2bbfe31489a38e,無介入AI,無介入 AI 測試
user,Ue8431db70845c091c2afe3cdc8b79265,Nancy 想法新穎，做事很有創意。,2025-10-25T07:13:59.466679+00:00,Cc458774f24ed0d9e4e2bbfe31489a38e,無介入AI,無介入 AI 測試
user,Ue8431db70845c091c2afe3cdc8b79265,Sally 帶團隊的方式比較謹慎，Amy 比較鼓勵大家發言。,2025-10-25T07:14:05.409100+00:00,Cc458774f24ed0d9e4e2bbfe31489a38e,無介入AI,無介入 AI 測試
assistant,AI_ASSISTANT,小提醒：請確認最後選擇的候選人是否同時具備財務專業、領導合作能力、國際視野、個人經歷及合作特質，以符合CFO的核心條件。,2025-10-25T07:14:06.662676+00:00,Cc458774f24ed0d9e4e2bbfe31489a38e,無介入AI,無介入 AI 測試
user,Ue8431db70845c091c2afe3cdc8b79265,Nancy 雖然年輕，但願意主動學習。,2025-10-25T07:14:15.494918+00:00,Cc458774f24ed0d9e4e2bbfe31489a38e,無介入AI,無介入 AI 測試
user,Ue8431db70845c091c2afe3cdc8b79265,我不太清楚她們的跨國經驗。,2025-10-25T07:14:21.509292+00:00,Cc458774f24ed0d9e4e2bbfe31489a38e,無介入AI,無介入 AI 測試
user,Ue8431db70845c091c2afe3cdc8b79265,Amy 英文很好，開國際會議很自然。,2025-10-25T07:14:28.181863+00:00,Cc458774f24ed0d9e4e2bbfe31489a38e,無介入AI,無介入 AI 測試
user,Ue8431db70845c091c2afe3cdc8b79265,我們最終選擇 Sally,2025-10-25T07:14:31.151168+00:00,Cc458774f24ed0d9e4e2bbfe31489a38e,無介入AI,無介入 AI 測試
user,Ue8431db70845c091c2afe3cdc8b79265,我們最終選擇 Sally,2025-10-25T07:14:36.867451+00:00,Cc458774f24ed0d9e4e2bbfe31489a38e,無介入AI,無介入 AI 測試
user,Ue5a743606bcf71ea70624e8f1f5fbfd8,我們最終選擇 Sally,2025-10-25T07:14:38.289039+00:00,Cc458774f24ed0d9e4e2bbfe31489a38e,無介入AI,無介入 AI 測試
user,Ue8431db70845c091c2afe3cdc8b79265,我選 Sally,2025-10-25T07:16:33.976277+00:00,C3f3be906a481759b8f5c07c45e317fce,探究型AI,探究型 AI 測試
user,Ue5a743606bcf71ea70624e8f1f5fbfd8,我選 Nancy,2025-10-25T07:16:35.264918+00:00,C3f3be906a481759b8f5c07c45e317fce,探究型AI,探究型 AI 測試
user,Ue8431db70845c091c2afe3cdc8b79265,Sally 帶團隊的方式比較謹慎，Amy 比較鼓勵大家發言。,2025-10-25T07:16:43.023452+00:00,C3f3be906a481759b8f5c07c45e317fce,探究型AI,探究型 AI 測試
user,Ue8431db70845c091c2afe3cdc8b79265,Nancy 雖然年輕，但願意主動學習。,2025-10-25T07:16:48.083509+00:00,C3f3be906a481759b8f5c07c45e317fce,探究型AI,探究型 AI 測試
user,Ue8431db70845c091c2afe3cdc8b79265,Amy 英文很好，開國際會議很自然。,2025-10-25T07:16:51.750704+00:00,C3f3be906a481759b8f5c07c45e317fce,探究型AI,探究型 AI 測試
user,Ue8431db70845c091c2afe3cdc8b79265,Sally 之前負責亞洲區的併購案。,2025-10-25T07:16:56.527749+00:00,C3f3be906a481759b8f5c07c45e317fce,探究型AI,探究型 AI 測試
assistant,AI_ASSISTANT,目前大家有提到候選人在領導方式、學習態度與國際經驗等面向。如果還有成員掌握關於他們的財務專業能力或個人經歷的細節，歡迎補充，讓大家有更全面的討論依據。,2025-10-25T07:16:58.852325+00:00,C3f3be906a481759b8f5c07c45e317fce,探究型AI,探究型 AI 測試
user,Ue8431db70845c091c2afe3cdc8b79265,我覺得 Amy 的外語能力很好，開會時常協助翻譯。,2025-10-25T07:17:10.824401+00:00,C3f3be906a481759b8f5c07c45e317fce,探究型AI,探究型 AI 測試
user,Ue8431db70845c091c2afe3cdc8b79265,Sally 也有海外經驗，只是主要在亞洲市場。,2025-10-25T07:17:14.304544+00:00,C3f3be906a481759b8f5c07c45e317fce,探究型AI,探究型 AI 測試
user,Ue8431db70845c091c2afe3cdc8b79265,Nancy 的語文能力不錯，但缺少實際國際專案。,2025-10-25T07:17:18.611555+00:00,C3f3be906a481759b8f5c07c45e317fce,探究型AI,探究型 AI 測試
user,Ue8431db70845c091c2afe3cdc8b79265,Sally 在管理上比較謹慎，決策速度不快。,2025-10-25T07:17:24.561365+00:00,C3f3be906a481759b8f5c07c45e317fce,探究型AI,探究型 AI 測試
assistant,AI_ASSISTANT,目前大家針對候選人的國際視野和領導合作方式都有討論。請問有沒有成員能補充他們在財務專業或個人特質（例如抗壓性、責任感等）方面的觀察或經驗呢？,2025-10-25T07:17:26.816030+00:00,C3f3be906a481759b8f5c07c45e317fce,探究型AI,探究型 AI 測試
user,Ue8431db70845c091c2afe3cdc8b79265,已有共識,2025-10-25T07:17:45.054152+00:00,C3f3be906a481759b8f5c07c45e317fce,探究型AI,探究型 AI 測試
user,Ue5a743606bcf71ea70624e8f1f5fbfd8,已有共識,2025-10-25T07:17:48.558663+00:00,C3f3be906a481759b8f5c07c45e317fce,探究型AI,探究型 AI 測試
user,Ue8431db70845c091c2afe3cdc8b79265,我們最終選擇 Sally,2025-10-25T07:17:49.990583+00:00,C3f3be906a481759b8f5c07c45e317fce,探究型AI,探究型 AI 測試
user,Ue5a743606bcf71ea70624e8f1f5fbfd8,我們最終選擇 Sally,2025-10-25T07:17:52.308568+00:00,C3f3be906a481759b8f5c07c45e317fce,探究型AI,探究型 AI 測試
user,Ue8431db70845c091c2afe3cdc8b79265,我選 Sally,2025-10-25T07:18:59.559718+00:00,Cfa78e0a4b7e9fb4bf8963e0621ea3208,整合型AI,整合型 AI 測試
user,Ue5a743606bcf71ea70624e8f1f5fbfd8,我選 Nancy,2025-10-25T07:19:02.188660+00:00,Cfa78e0a4b7e9fb4bf8963e0621ea3208,整合型AI,整合型 AI 測試
user,Ue8431db70845c091c2afe3cdc8b79265,Sally 的財務背景真的很強，報表能力沒話說。,2025-10-25T07:19:07.144896+00:00,Cfa78e0a4b7e9fb4bf8963e0621ea3208,整合型AI,整合型 AI 測試
user,Ue8431db70845c091c2afe3cdc8b79265,Amy 的優勢是團隊合作，她讓溝通更順暢。,2025-10-25T07:19:10.868647+00:00,Cfa78e0a4b7e9fb4bf8963e0621ea3208,整合型AI,整合型 AI 測試
user,Ue8431db70845c091c2afe3cdc8b79265,我記得 Sally 曾負責海外投資案，但結果不太理想。,2025-10-25T07:19:15.658812+00:00,Cfa78e0a4b7e9fb4bf8963e0621ea3208,整合型AI,整合型 AI 測試
user,Ue8431db70845c091c2afe3cdc8b79265,Amy 在國際合作上比較有經驗，跟外商溝通很順。,2025-10-25T07:19:19.534521+00:00,Cfa78e0a4b7e9fb4bf8963e0621ea3208,整合型AI,整合型 AI 測試
assistant,AI_ASSISTANT,"目前討論中已經提到：

- Sally 擁有強大的財務背景與報表能力，過去曾負責海外投資案，但結果不太理想。
- Amy 的優勢在於團隊合作，能提升溝通順暢度，並且在國際合作與外商溝通上經驗豐富。
- 有成員表達支持 Sally，也有成員選擇 Nancy，目前針對 Nancy 的具體優勢尚未有進一步描述。",2025-10-25T07:19:22.128367+00:00,Cfa78e0a4b7e9fb4bf8963e0621ea3208,整合型AI,整合型 AI 測試
user,Ue8431db70845c091c2afe3cdc8b79265,Nancy 還沒有海外經驗，但她英文很好，應該能快速適應。,2025-10-25T07:19:33.100566+00:00,Cfa78e0a4b7e9fb4bf8963e0621ea3208,整合型AI,整合型 AI 測試
user,Ue8431db70845c091c2afe3cdc8b79265,Nancy 雖然缺乏高層經驗，但她學習速度快，也很願意聽取意見。,2025-10-25T07:19:37.602931+00:00,Cfa78e0a4b7e9fb4bf8963e0621ea3208,整合型AI,整合型 AI 測試
user,Ue8431db70845c091c2afe3cdc8b79265,我覺得 Sally 的領導風格偏保守，可能不太適合快速變動的環境。,2025-10-25T07:19:40.534254+00:00,Cfa78e0a4b7e9fb4bf8963e0621ea3208,整合型AI,整合型 AI 測試
user,Ue8431db70845c091c2afe3cdc8b79265,相較之下，Amy 在帶團隊時比較開放，鼓勵成員表達想法。,2025-10-25T07:19:45.008740+00:00,Cfa78e0a4b7e9fb4bf8963e0621ea3208,整合型AI,整合型 AI 測試
assistant,AI_ASSISTANT,"目前討論內容整理如下：

- Sally 具備強大財務與報表能力，曾負責海外投資案但結果未如預期，領導風格較為保守，可能不太適合快速變動的環境。
- Amy 擅長團隊合作及溝通，國際合作與外商溝通經驗豐富，帶團隊時風格較開放，鼓勵成員表達想法。
- Nancy 雖然缺乏海外及高層經驗，但英文能力佳、學習速度快，且願意聽取意見，應能快速適應新挑戰。",2025-10-25T07:19:47.427832+00:00,Cfa78e0a4b7e9fb4bf8963e0621ea3208,整合型AI,整合型 AI 測試
user,Ue8431db70845c091c2afe3cdc8b79265,已有共識,2025-10-25T07:19:55.557247+00:00,Cfa78e0a4b7e9fb4bf8963e0621ea3208,整合型AI,整合型 AI 測試
user,Ue8431db70845c091c2afe3cdc8b79265,已有共識,2025-10-25T07:20:04.123693+00:00,Cfa78e0a4b7e9fb4bf8963e0621ea3208,整合型AI,整合型 AI 測試
user,Ue5a743606bcf71ea70624e8f1f5fbfd8,已有共識,2025-10-25T07:20:06.583852+00:00,Cfa78e0a4b7e9fb4bf8963e0621ea3208,整合型AI,整合型 AI 測試
user,Ue8431db70845c091c2afe3cdc8b79265,我們最終選擇 Sally,2025-10-25T07:20:07.955401+00:00,Cfa78e0a4b7e9fb4bf8963e0621ea3208,整合型AI,整合型 AI 測試
user,Ue5a743606bcf71ea70624e8f1f5fbfd8,我們最終選擇 Sally,2025-10-25T07:20:09.652128+00:00,Cfa78e0a4b7e9fb4bf8963e0621ea3208,整合型AI,整合型 AI 測試
